file_name,label
IMAGE_0001.jpg,no_tumor
IMAGE_0002.jpg,meningioma_tumor
IMAGE_0005.jpg,meningioma_tumor
IMAGE_0006.jpg,no_tumor
IMAGE_0013.jpg,pituitary_tumor
IMAGE_0020.jpg,no_tumor
IMAGE_0023.jpg,meningioma_tumor
IMAGE_0026.jpg,pituitary_tumor
IMAGE_0032.jpg,glioma_tumor
IMAGE_0033.jpg,meningioma_tumor
IMAGE_0036.jpg,no_tumor
IMAGE_0037.jpg,glioma_tumor
IMAGE_0039.jpg,glioma_tumor
IMAGE_0040.jpg,meningioma_tumor
IMAGE_0043.jpg,pituitary_tumor
IMAGE_0045.jpg,glioma_tumor
IMAGE_0048.jpg,no_tumor
IMAGE_0056.jpg,glioma_tumor
IMAGE_0058.jpg,glioma_tumor
IMAGE_0059.jpg,glioma_tumor
IMAGE_0063.jpg,pituitary_tumor
IMAGE_0078.jpg,no_tumor
IMAGE_0081.jpg,meningioma_tumor
IMAGE_0082.jpg,glioma_tumor
IMAGE_0083.jpg,meningioma_tumor
IMAGE_0085.jpg,pituitary_tumor
IMAGE_0086.jpg,pituitary_tumor
IMAGE_0087.jpg,meningioma_tumor
IMAGE_0088.jpg,pituitary_tumor
IMAGE_0090.jpg,pituitary_tumor
IMAGE_0100.jpg,meningioma_tumor
IMAGE_0103.jpg,glioma_tumor
IMAGE_0105.jpg,pituitary_tumor
IMAGE_0106.jpg,glioma_tumor
IMAGE_0107.jpg,glioma_tumor
IMAGE_0114.jpg,no_tumor
IMAGE_0116.jpg,pituitary_tumor
IMAGE_0117.jpg,meningioma_tumor
IMAGE_0126.jpg,pituitary_tumor
IMAGE_0132.jpg,meningioma_tumor
IMAGE_0137.jpg,pituitary_tumor
IMAGE_0152.jpg,pituitary_tumor
IMAGE_0156.jpg,no_tumor
IMAGE_0157.jpg,glioma_tumor
IMAGE_0159.jpg,glioma_tumor
IMAGE_0161.jpg,glioma_tumor
IMAGE_0162.jpg,glioma_tumor
IMAGE_0166.jpg,glioma_tumor
IMAGE_0167.jpg,meningioma_tumor
IMAGE_0170.jpg,no_tumor
IMAGE_0173.jpg,meningioma_tumor
IMAGE_0178.jpg,meningioma_tumor
IMAGE_0185.jpg,glioma_tumor
IMAGE_0188.jpg,meningioma_tumor
IMAGE_0189.jpg,pituitary_tumor
IMAGE_0192.jpg,meningioma_tumor
IMAGE_0193.jpg,pituitary_tumor
IMAGE_0194.jpg,glioma_tumor
IMAGE_0195.jpg,meningioma_tumor
IMAGE_0199.jpg,pituitary_tumor
IMAGE_0202.jpg,meningioma_tumor
IMAGE_0205.jpg,glioma_tumor
IMAGE_0206.jpg,pituitary_tumor
IMAGE_0217.jpg,glioma_tumor
IMAGE_0222.jpg,pituitary_tumor
IMAGE_0225.jpg,pituitary_tumor
IMAGE_0227.jpg,meningioma_tumor
IMAGE_0229.jpg,no_tumor
IMAGE_0230.jpg,pituitary_tumor
IMAGE_0231.jpg,pituitary_tumor
IMAGE_0232.jpg,meningioma_tumor
IMAGE_0235.jpg,meningioma_tumor
IMAGE_0240.jpg,meningioma_tumor
IMAGE_0244.jpg,pituitary_tumor
IMAGE_0245.jpg,pituitary_tumor
IMAGE_0251.jpg,glioma_tumor
IMAGE_0257.jpg,no_tumor
IMAGE_0262.jpg,pituitary_tumor
IMAGE_0264.jpg,glioma_tumor
IMAGE_0265.jpg,meningioma_tumor
IMAGE_0267.jpg,meningioma_tumor
IMAGE_0270.jpg,meningioma_tumor
IMAGE_0274.jpg,meningioma_tumor
IMAGE_0278.jpg,glioma_tumor
IMAGE_0281.jpg,pituitary_tumor
IMAGE_0283.jpg,no_tumor
IMAGE_0291.jpg,glioma_tumor
IMAGE_0297.jpg,meningioma_tumor
IMAGE_0298.jpg,pituitary_tumor
IMAGE_0299.jpg,meningioma_tumor
IMAGE_0301.jpg,meningioma_tumor
IMAGE_0304.jpg,pituitary_tumor
IMAGE_0305.jpg,pituitary_tumor
IMAGE_0314.jpg,pituitary_tumor
IMAGE_0316.jpg,glioma_tumor
IMAGE_0319.jpg,meningioma_tumor
IMAGE_0320.jpg,pituitary_tumor
IMAGE_0325.jpg,glioma_tumor
IMAGE_0327.jpg,glioma_tumor
IMAGE_0328.jpg,pituitary_tumor
IMAGE_0331.jpg,glioma_tumor
IMAGE_0335.jpg,no_tumor
IMAGE_0336.jpg,pituitary_tumor
IMAGE_0337.jpg,meningioma_tumor
IMAGE_0338.jpg,glioma_tumor
IMAGE_0339.jpg,pituitary_tumor
IMAGE_0341.jpg,glioma_tumor
IMAGE_0342.jpg,pituitary_tumor
IMAGE_0343.jpg,glioma_tumor
IMAGE_0345.jpg,glioma_tumor
IMAGE_0347.jpg,pituitary_tumor
IMAGE_0350.jpg,meningioma_tumor
IMAGE_0354.jpg,pituitary_tumor
IMAGE_0359.jpg,meningioma_tumor
IMAGE_0360.jpg,glioma_tumor
IMAGE_0364.jpg,glioma_tumor
IMAGE_0366.jpg,meningioma_tumor
IMAGE_0367.jpg,pituitary_tumor
IMAGE_0368.jpg,pituitary_tumor
IMAGE_0369.jpg,meningioma_tumor
IMAGE_0371.jpg,meningioma_tumor
IMAGE_0378.jpg,pituitary_tumor
IMAGE_0379.jpg,no_tumor
IMAGE_0382.jpg,pituitary_tumor
IMAGE_0384.jpg,glioma_tumor
IMAGE_0388.jpg,no_tumor
IMAGE_0390.jpg,meningioma_tumor
IMAGE_0398.jpg,meningioma_tumor
IMAGE_0401.jpg,pituitary_tumor
IMAGE_0402.jpg,pituitary_tumor
IMAGE_0412.jpg,glioma_tumor
IMAGE_0415.jpg,meningioma_tumor
IMAGE_0426.jpg,meningioma_tumor
IMAGE_0431.jpg,meningioma_tumor
IMAGE_0437.jpg,meningioma_tumor
IMAGE_0438.jpg,pituitary_tumor
IMAGE_0440.jpg,pituitary_tumor
IMAGE_0441.jpg,pituitary_tumor
IMAGE_0446.jpg,pituitary_tumor
IMAGE_0447.jpg,glioma_tumor
IMAGE_0450.jpg,meningioma_tumor
IMAGE_0452.jpg,no_tumor
IMAGE_0454.jpg,no_tumor
IMAGE_0458.jpg,pituitary_tumor
IMAGE_0459.jpg,pituitary_tumor
IMAGE_0460.jpg,glioma_tumor
IMAGE_0468.jpg,meningioma_tumor
IMAGE_0475.jpg,pituitary_tumor
IMAGE_0478.jpg,glioma_tumor
IMAGE_0480.jpg,pituitary_tumor
IMAGE_0481.jpg,no_tumor
IMAGE_0485.jpg,meningioma_tumor
IMAGE_0491.jpg,pituitary_tumor
IMAGE_0494.jpg,pituitary_tumor
IMAGE_0500.jpg,pituitary_tumor
IMAGE_0501.jpg,meningioma_tumor
IMAGE_0508.jpg,glioma_tumor
IMAGE_0512.jpg,pituitary_tumor
IMAGE_0514.jpg,pituitary_tumor
IMAGE_0515.jpg,meningioma_tumor
IMAGE_0517.jpg,meningioma_tumor
IMAGE_0518.jpg,meningioma_tumor
IMAGE_0522.jpg,glioma_tumor
IMAGE_0526.jpg,pituitary_tumor
IMAGE_0529.jpg,no_tumor
IMAGE_0530.jpg,glioma_tumor
IMAGE_0531.jpg,glioma_tumor
IMAGE_0539.jpg,glioma_tumor
IMAGE_0544.jpg,pituitary_tumor
IMAGE_0547.jpg,glioma_tumor
IMAGE_0548.jpg,glioma_tumor
IMAGE_0550.jpg,meningioma_tumor
IMAGE_0553.jpg,no_tumor
IMAGE_0558.jpg,meningioma_tumor
IMAGE_0563.jpg,no_tumor
IMAGE_0565.jpg,glioma_tumor
IMAGE_0567.jpg,meningioma_tumor
IMAGE_0585.jpg,meningioma_tumor
IMAGE_0587.jpg,meningioma_tumor
IMAGE_0588.jpg,no_tumor
IMAGE_0594.jpg,meningioma_tumor
IMAGE_0607.jpg,meningioma_tumor
IMAGE_0610.jpg,pituitary_tumor
IMAGE_0613.jpg,glioma_tumor
IMAGE_0617.jpg,no_tumor
IMAGE_0620.jpg,no_tumor
IMAGE_0622.jpg,no_tumor
IMAGE_0624.jpg,meningioma_tumor
IMAGE_0628.jpg,pituitary_tumor
IMAGE_0629.jpg,meningioma_tumor
IMAGE_0632.jpg,meningioma_tumor
IMAGE_0634.jpg,no_tumor
IMAGE_0636.jpg,glioma_tumor
IMAGE_0639.jpg,no_tumor
IMAGE_0645.jpg,meningioma_tumor
IMAGE_0648.jpg,glioma_tumor
IMAGE_0652.jpg,meningioma_tumor
IMAGE_0656.jpg,glioma_tumor
IMAGE_0659.jpg,glioma_tumor
IMAGE_0662.jpg,meningioma_tumor
IMAGE_0664.jpg,glioma_tumor
IMAGE_0666.jpg,pituitary_tumor
IMAGE_0673.jpg,glioma_tumor
IMAGE_0683.jpg,no_tumor
IMAGE_0692.jpg,meningioma_tumor
IMAGE_0694.jpg,meningioma_tumor
IMAGE_0696.jpg,glioma_tumor
IMAGE_0697.jpg,no_tumor
IMAGE_0698.jpg,no_tumor
IMAGE_0699.jpg,meningioma_tumor
IMAGE_0703.jpg,no_tumor
IMAGE_0704.jpg,pituitary_tumor
IMAGE_0707.jpg,meningioma_tumor
IMAGE_0710.jpg,glioma_tumor
IMAGE_0713.jpg,glioma_tumor
IMAGE_0715.jpg,no_tumor
IMAGE_0718.jpg,pituitary_tumor
IMAGE_0721.jpg,meningioma_tumor
IMAGE_0730.jpg,meningioma_tumor
IMAGE_0734.jpg,meningioma_tumor
IMAGE_0736.jpg,glioma_tumor
IMAGE_0737.jpg,glioma_tumor
IMAGE_0740.jpg,pituitary_tumor
IMAGE_0744.jpg,meningioma_tumor
IMAGE_0745.jpg,pituitary_tumor
IMAGE_0752.jpg,pituitary_tumor
IMAGE_0754.jpg,meningioma_tumor
IMAGE_0755.jpg,no_tumor
IMAGE_0763.jpg,pituitary_tumor
IMAGE_0766.jpg,glioma_tumor
IMAGE_0780.jpg,pituitary_tumor
IMAGE_0781.jpg,pituitary_tumor
IMAGE_0784.jpg,meningioma_tumor
IMAGE_0793.jpg,glioma_tumor
IMAGE_0794.jpg,glioma_tumor
IMAGE_0800.jpg,pituitary_tumor
IMAGE_0801.jpg,meningioma_tumor
IMAGE_0803.jpg,pituitary_tumor
IMAGE_0805.jpg,glioma_tumor
IMAGE_0806.jpg,glioma_tumor
IMAGE_0808.jpg,meningioma_tumor
IMAGE_0812.jpg,glioma_tumor
IMAGE_0816.jpg,no_tumor
IMAGE_0827.jpg,pituitary_tumor
IMAGE_0837.jpg,pituitary_tumor
IMAGE_0839.jpg,pituitary_tumor
IMAGE_0842.jpg,glioma_tumor
IMAGE_0844.jpg,no_tumor
IMAGE_0849.jpg,meningioma_tumor
IMAGE_0855.jpg,meningioma_tumor
IMAGE_0858.jpg,meningioma_tumor
IMAGE_0863.jpg,meningioma_tumor
IMAGE_0869.jpg,meningioma_tumor
IMAGE_0876.jpg,pituitary_tumor
IMAGE_0881.jpg,glioma_tumor
IMAGE_0886.jpg,glioma_tumor
IMAGE_0888.jpg,meningioma_tumor
IMAGE_0896.jpg,pituitary_tumor
IMAGE_0897.jpg,meningioma_tumor
IMAGE_0904.jpg,pituitary_tumor
IMAGE_0906.jpg,meningioma_tumor
IMAGE_0909.jpg,pituitary_tumor
IMAGE_0916.jpg,no_tumor
IMAGE_0928.jpg,no_tumor
IMAGE_0937.jpg,meningioma_tumor
IMAGE_0938.jpg,meningioma_tumor
IMAGE_0942.jpg,pituitary_tumor
IMAGE_0945.jpg,pituitary_tumor
IMAGE_0946.jpg,no_tumor
IMAGE_0947.jpg,pituitary_tumor
IMAGE_0958.jpg,no_tumor
IMAGE_0961.jpg,meningioma_tumor
IMAGE_0967.jpg,no_tumor
IMAGE_0969.jpg,meningioma_tumor
IMAGE_0970.jpg,glioma_tumor
IMAGE_0974.jpg,pituitary_tumor
IMAGE_0982.jpg,glioma_tumor
IMAGE_0985.jpg,glioma_tumor
IMAGE_0991.jpg,glioma_tumor
IMAGE_0992.jpg,pituitary_tumor
IMAGE_0993.jpg,glioma_tumor
IMAGE_0994.jpg,pituitary_tumor
IMAGE_1001.jpg,glioma_tumor
IMAGE_1004.jpg,pituitary_tumor
IMAGE_1011.jpg,glioma_tumor
IMAGE_1019.jpg,meningioma_tumor
IMAGE_1020.jpg,meningioma_tumor
IMAGE_1022.jpg,pituitary_tumor
IMAGE_1028.jpg,no_tumor
IMAGE_1036.jpg,pituitary_tumor
IMAGE_1038.jpg,meningioma_tumor
IMAGE_1041.jpg,pituitary_tumor
IMAGE_1043.jpg,meningioma_tumor
IMAGE_1044.jpg,no_tumor
IMAGE_1047.jpg,no_tumor
IMAGE_1048.jpg,pituitary_tumor
IMAGE_1050.jpg,glioma_tumor
IMAGE_1051.jpg,meningioma_tumor
IMAGE_1057.jpg,pituitary_tumor
IMAGE_1059.jpg,glioma_tumor
IMAGE_1064.jpg,meningioma_tumor
IMAGE_1068.jpg,meningioma_tumor
IMAGE_1071.jpg,glioma_tumor
IMAGE_1072.jpg,glioma_tumor
IMAGE_1076.jpg,glioma_tumor
IMAGE_1077.jpg,no_tumor
IMAGE_1079.jpg,no_tumor
IMAGE_1080.jpg,no_tumor
IMAGE_1082.jpg,no_tumor
IMAGE_1084.jpg,no_tumor
IMAGE_1085.jpg,glioma_tumor
IMAGE_1088.jpg,no_tumor
IMAGE_1092.jpg,meningioma_tumor
IMAGE_1093.jpg,pituitary_tumor
IMAGE_1095.jpg,meningioma_tumor
IMAGE_1097.jpg,glioma_tumor
IMAGE_1098.jpg,meningioma_tumor
IMAGE_1101.jpg,glioma_tumor
IMAGE_1104.jpg,meningioma_tumor
IMAGE_1108.jpg,glioma_tumor
IMAGE_1110.jpg,meningioma_tumor
IMAGE_1113.jpg,glioma_tumor
IMAGE_1115.jpg,meningioma_tumor
IMAGE_1116.jpg,pituitary_tumor
IMAGE_1118.jpg,glioma_tumor
IMAGE_1123.jpg,pituitary_tumor
IMAGE_1132.jpg,pituitary_tumor
IMAGE_1134.jpg,pituitary_tumor
IMAGE_1135.jpg,no_tumor
IMAGE_1136.jpg,glioma_tumor
IMAGE_1139.jpg,pituitary_tumor
IMAGE_1140.jpg,glioma_tumor
IMAGE_1151.jpg,meningioma_tumor
IMAGE_1152.jpg,glioma_tumor
IMAGE_1154.jpg,meningioma_tumor
IMAGE_1157.jpg,pituitary_tumor
IMAGE_1161.jpg,glioma_tumor
IMAGE_1162.jpg,glioma_tumor
IMAGE_1165.jpg,glioma_tumor
IMAGE_1168.jpg,glioma_tumor
IMAGE_1173.jpg,meningioma_tumor
IMAGE_1178.jpg,no_tumor
IMAGE_1182.jpg,pituitary_tumor
IMAGE_1183.jpg,no_tumor
IMAGE_1189.jpg,glioma_tumor
IMAGE_1191.jpg,meningioma_tumor
IMAGE_1193.jpg,meningioma_tumor
IMAGE_1201.jpg,glioma_tumor
IMAGE_1206.jpg,glioma_tumor
IMAGE_1212.jpg,glioma_tumor
IMAGE_1214.jpg,glioma_tumor
IMAGE_1215.jpg,meningioma_tumor
IMAGE_1218.jpg,no_tumor
IMAGE_1220.jpg,no_tumor
IMAGE_1222.jpg,pituitary_tumor
IMAGE_1225.jpg,pituitary_tumor
IMAGE_1227.jpg,glioma_tumor
IMAGE_1234.jpg,meningioma_tumor
IMAGE_1235.jpg,glioma_tumor
IMAGE_1237.jpg,glioma_tumor
IMAGE_1238.jpg,glioma_tumor
IMAGE_1240.jpg,pituitary_tumor
IMAGE_1243.jpg,no_tumor
IMAGE_1245.jpg,meningioma_tumor
IMAGE_1247.jpg,meningioma_tumor
IMAGE_1248.jpg,glioma_tumor
IMAGE_1252.jpg,no_tumor
IMAGE_1258.jpg,no_tumor
IMAGE_1260.jpg,meningioma_tumor
IMAGE_1268.jpg,pituitary_tumor
IMAGE_1271.jpg,meningioma_tumor
IMAGE_1275.jpg,glioma_tumor
IMAGE_1276.jpg,glioma_tumor
IMAGE_1286.jpg,glioma_tumor
IMAGE_1290.jpg,meningioma_tumor
IMAGE_1294.jpg,glioma_tumor
IMAGE_1298.jpg,no_tumor
IMAGE_1299.jpg,pituitary_tumor
IMAGE_1300.jpg,glioma_tumor
IMAGE_1302.jpg,no_tumor
IMAGE_1303.jpg,meningioma_tumor
IMAGE_1311.jpg,meningioma_tumor
IMAGE_1312.jpg,pituitary_tumor
IMAGE_1316.jpg,no_tumor
IMAGE_1321.jpg,glioma_tumor
IMAGE_1323.jpg,meningioma_tumor
IMAGE_1326.jpg,pituitary_tumor
IMAGE_1328.jpg,no_tumor
IMAGE_1336.jpg,meningioma_tumor
IMAGE_1337.jpg,glioma_tumor
IMAGE_1338.jpg,no_tumor
IMAGE_1339.jpg,no_tumor
IMAGE_1341.jpg,pituitary_tumor
IMAGE_1345.jpg,pituitary_tumor
IMAGE_1347.jpg,meningioma_tumor
IMAGE_1349.jpg,glioma_tumor
IMAGE_1353.jpg,glioma_tumor
IMAGE_1359.jpg,pituitary_tumor
IMAGE_1363.jpg,no_tumor
IMAGE_1364.jpg,meningioma_tumor
IMAGE_1366.jpg,glioma_tumor
IMAGE_1369.jpg,glioma_tumor
IMAGE_1371.jpg,meningioma_tumor
IMAGE_1376.jpg,pituitary_tumor
IMAGE_1380.jpg,meningioma_tumor
IMAGE_1381.jpg,pituitary_tumor
IMAGE_1382.jpg,no_tumor
IMAGE_1384.jpg,glioma_tumor
IMAGE_1386.jpg,meningioma_tumor
IMAGE_1388.jpg,glioma_tumor
IMAGE_1389.jpg,glioma_tumor
IMAGE_1402.jpg,glioma_tumor
IMAGE_1407.jpg,glioma_tumor
IMAGE_1408.jpg,pituitary_tumor
IMAGE_1409.jpg,pituitary_tumor
IMAGE_1410.jpg,glioma_tumor
IMAGE_1413.jpg,pituitary_tumor
IMAGE_1417.jpg,glioma_tumor
IMAGE_1419.jpg,pituitary_tumor
IMAGE_1420.jpg,glioma_tumor
IMAGE_1429.jpg,pituitary_tumor
IMAGE_1434.jpg,meningioma_tumor
IMAGE_1435.jpg,pituitary_tumor
IMAGE_1441.jpg,glioma_tumor
IMAGE_1452.jpg,pituitary_tumor
IMAGE_1454.jpg,pituitary_tumor
IMAGE_1462.jpg,pituitary_tumor
IMAGE_1464.jpg,no_tumor
IMAGE_1465.jpg,glioma_tumor
IMAGE_1466.jpg,meningioma_tumor
IMAGE_1470.jpg,no_tumor
IMAGE_1471.jpg,meningioma_tumor
IMAGE_1475.jpg,meningioma_tumor
IMAGE_1477.jpg,glioma_tumor
IMAGE_1479.jpg,pituitary_tumor
IMAGE_1480.jpg,glioma_tumor
IMAGE_1481.jpg,meningioma_tumor
IMAGE_1482.jpg,meningioma_tumor
IMAGE_1483.jpg,meningioma_tumor
IMAGE_1488.jpg,meningioma_tumor
IMAGE_1492.jpg,glioma_tumor
IMAGE_1495.jpg,pituitary_tumor
IMAGE_1498.jpg,glioma_tumor
IMAGE_1499.jpg,glioma_tumor
IMAGE_1503.jpg,pituitary_tumor
IMAGE_1514.jpg,meningioma_tumor
IMAGE_1518.jpg,glioma_tumor
IMAGE_1523.jpg,pituitary_tumor
IMAGE_1528.jpg,glioma_tumor
IMAGE_1529.jpg,meningioma_tumor
IMAGE_1532.jpg,meningioma_tumor
IMAGE_1534.jpg,pituitary_tumor
IMAGE_1537.jpg,meningioma_tumor
IMAGE_1542.jpg,glioma_tumor
IMAGE_1544.jpg,no_tumor
IMAGE_1545.jpg,glioma_tumor
IMAGE_1547.jpg,meningioma_tumor
IMAGE_1552.jpg,glioma_tumor
IMAGE_1554.jpg,glioma_tumor
IMAGE_1555.jpg,pituitary_tumor
IMAGE_1556.jpg,pituitary_tumor
IMAGE_1558.jpg,pituitary_tumor
IMAGE_1559.jpg,pituitary_tumor
IMAGE_1565.jpg,glioma_tumor
IMAGE_1566.jpg,no_tumor
IMAGE_1570.jpg,meningioma_tumor
IMAGE_1571.jpg,glioma_tumor
IMAGE_1582.jpg,pituitary_tumor
IMAGE_1588.jpg,glioma_tumor
IMAGE_1590.jpg,glioma_tumor
IMAGE_1591.jpg,no_tumor
IMAGE_1593.jpg,glioma_tumor
IMAGE_1594.jpg,pituitary_tumor
IMAGE_1602.jpg,meningioma_tumor
IMAGE_1605.jpg,no_tumor
IMAGE_1607.jpg,pituitary_tumor
IMAGE_1610.jpg,pituitary_tumor
IMAGE_1618.jpg,meningioma_tumor
IMAGE_1622.jpg,glioma_tumor
IMAGE_1625.jpg,glioma_tumor
IMAGE_1628.jpg,meningioma_tumor
IMAGE_1629.jpg,pituitary_tumor
IMAGE_1632.jpg,meningioma_tumor
IMAGE_1633.jpg,pituitary_tumor
IMAGE_1640.jpg,meningioma_tumor
IMAGE_1646.jpg,no_tumor
IMAGE_1651.jpg,glioma_tumor
IMAGE_1654.jpg,pituitary_tumor
IMAGE_1658.jpg,glioma_tumor
IMAGE_1664.jpg,glioma_tumor
IMAGE_1666.jpg,meningioma_tumor
IMAGE_1668.jpg,pituitary_tumor
IMAGE_1671.jpg,meningioma_tumor
IMAGE_1672.jpg,pituitary_tumor
IMAGE_1677.jpg,no_tumor
IMAGE_1678.jpg,no_tumor
IMAGE_1679.jpg,no_tumor
IMAGE_1680.jpg,glioma_tumor
IMAGE_1682.jpg,glioma_tumor
IMAGE_1685.jpg,pituitary_tumor
IMAGE_1686.jpg,meningioma_tumor
IMAGE_1688.jpg,meningioma_tumor
IMAGE_1690.jpg,meningioma_tumor
IMAGE_1691.jpg,pituitary_tumor
IMAGE_1693.jpg,glioma_tumor
IMAGE_1696.jpg,meningioma_tumor
IMAGE_1698.jpg,glioma_tumor
IMAGE_1700.jpg,pituitary_tumor
IMAGE_1706.jpg,pituitary_tumor
IMAGE_1713.jpg,meningioma_tumor
IMAGE_1716.jpg,glioma_tumor
IMAGE_1718.jpg,glioma_tumor
IMAGE_1722.jpg,meningioma_tumor
IMAGE_1727.jpg,meningioma_tumor
IMAGE_1728.jpg,meningioma_tumor
IMAGE_1729.jpg,glioma_tumor
IMAGE_1731.jpg,pituitary_tumor
IMAGE_1745.jpg,no_tumor
IMAGE_1746.jpg,no_tumor
IMAGE_1747.jpg,meningioma_tumor
IMAGE_1751.jpg,pituitary_tumor
IMAGE_1753.jpg,meningioma_tumor
IMAGE_1754.jpg,glioma_tumor
IMAGE_1755.jpg,no_tumor
IMAGE_1757.jpg,pituitary_tumor
IMAGE_1758.jpg,pituitary_tumor
IMAGE_1759.jpg,pituitary_tumor
IMAGE_1762.jpg,pituitary_tumor
IMAGE_1763.jpg,pituitary_tumor
IMAGE_1768.jpg,no_tumor
IMAGE_1771.jpg,no_tumor
IMAGE_1773.jpg,glioma_tumor
IMAGE_1775.jpg,meningioma_tumor
IMAGE_1782.jpg,glioma_tumor
IMAGE_1783.jpg,glioma_tumor
IMAGE_1784.jpg,no_tumor
IMAGE_1788.jpg,meningioma_tumor
IMAGE_1789.jpg,pituitary_tumor
IMAGE_1794.jpg,pituitary_tumor
IMAGE_1803.jpg,no_tumor
IMAGE_1804.jpg,pituitary_tumor
IMAGE_1806.jpg,glioma_tumor
IMAGE_1810.jpg,glioma_tumor
IMAGE_1812.jpg,meningioma_tumor
IMAGE_1814.jpg,no_tumor
IMAGE_1816.jpg,meningioma_tumor
IMAGE_1819.jpg,meningioma_tumor
IMAGE_1827.jpg,pituitary_tumor
IMAGE_1831.jpg,meningioma_tumor
IMAGE_1838.jpg,meningioma_tumor
IMAGE_1839.jpg,pituitary_tumor
IMAGE_1841.jpg,pituitary_tumor
IMAGE_1843.jpg,meningioma_tumor
IMAGE_1844.jpg,glioma_tumor
IMAGE_1846.jpg,glioma_tumor
IMAGE_1853.jpg,meningioma_tumor
IMAGE_1862.jpg,meningioma_tumor
IMAGE_1866.jpg,no_tumor
IMAGE_1874.jpg,meningioma_tumor
IMAGE_1876.jpg,pituitary_tumor
IMAGE_1878.jpg,glioma_tumor
IMAGE_1880.jpg,pituitary_tumor
IMAGE_1883.jpg,meningioma_tumor
IMAGE_1885.jpg,meningioma_tumor
IMAGE_1887.jpg,no_tumor
IMAGE_1893.jpg,glioma_tumor
IMAGE_1894.jpg,pituitary_tumor
IMAGE_1897.jpg,no_tumor
IMAGE_1901.jpg,meningioma_tumor
IMAGE_1903.jpg,pituitary_tumor
IMAGE_1904.jpg,glioma_tumor
IMAGE_1905.jpg,glioma_tumor
IMAGE_1906.jpg,pituitary_tumor
IMAGE_1908.jpg,meningioma_tumor
IMAGE_1910.jpg,meningioma_tumor
IMAGE_1915.jpg,meningioma_tumor
IMAGE_1922.jpg,glioma_tumor
IMAGE_1929.jpg,glioma_tumor
IMAGE_1933.jpg,meningioma_tumor
IMAGE_1937.jpg,no_tumor
IMAGE_1939.jpg,pituitary_tumor
IMAGE_1945.jpg,meningioma_tumor
IMAGE_1946.jpg,meningioma_tumor
IMAGE_1947.jpg,glioma_tumor
IMAGE_1951.jpg,meningioma_tumor
IMAGE_1952.jpg,meningioma_tumor
IMAGE_1955.jpg,glioma_tumor
IMAGE_1957.jpg,pituitary_tumor
IMAGE_1963.jpg,glioma_tumor
IMAGE_1967.jpg,meningioma_tumor
IMAGE_1971.jpg,meningioma_tumor
IMAGE_1973.jpg,no_tumor
IMAGE_1980.jpg,glioma_tumor
IMAGE_1981.jpg,glioma_tumor
IMAGE_1982.jpg,pituitary_tumor
IMAGE_1985.jpg,no_tumor
IMAGE_1988.jpg,pituitary_tumor
IMAGE_1991.jpg,glioma_tumor
IMAGE_1994.jpg,pituitary_tumor
IMAGE_1996.jpg,no_tumor
IMAGE_1997.jpg,glioma_tumor
IMAGE_2003.jpg,meningioma_tumor
IMAGE_2008.jpg,glioma_tumor
IMAGE_2011.jpg,glioma_tumor
IMAGE_2012.jpg,glioma_tumor
IMAGE_2013.jpg,pituitary_tumor
IMAGE_2017.jpg,pituitary_tumor
IMAGE_2019.jpg,meningioma_tumor
IMAGE_2022.jpg,glioma_tumor
IMAGE_2025.jpg,glioma_tumor
IMAGE_2027.jpg,pituitary_tumor
IMAGE_2031.jpg,meningioma_tumor
IMAGE_2034.jpg,pituitary_tumor
IMAGE_2040.jpg,pituitary_tumor
IMAGE_2041.jpg,no_tumor
IMAGE_2042.jpg,glioma_tumor
IMAGE_2046.jpg,meningioma_tumor
IMAGE_2047.jpg,pituitary_tumor
IMAGE_2052.jpg,pituitary_tumor
IMAGE_2053.jpg,glioma_tumor
IMAGE_2056.jpg,pituitary_tumor
IMAGE_2059.jpg,pituitary_tumor
IMAGE_2061.jpg,pituitary_tumor
IMAGE_2063.jpg,glioma_tumor
IMAGE_2064.jpg,pituitary_tumor
IMAGE_2065.jpg,pituitary_tumor
IMAGE_2066.jpg,pituitary_tumor
IMAGE_2071.jpg,meningioma_tumor
IMAGE_2072.jpg,no_tumor
IMAGE_2073.jpg,meningioma_tumor
IMAGE_2083.jpg,no_tumor
IMAGE_2086.jpg,pituitary_tumor
IMAGE_2096.jpg,glioma_tumor
IMAGE_2101.jpg,glioma_tumor
IMAGE_2106.jpg,glioma_tumor
IMAGE_2110.jpg,pituitary_tumor
IMAGE_2114.jpg,pituitary_tumor
IMAGE_2116.jpg,meningioma_tumor
IMAGE_2118.jpg,pituitary_tumor
IMAGE_2125.jpg,no_tumor
IMAGE_2130.jpg,meningioma_tumor
IMAGE_2132.jpg,meningioma_tumor
IMAGE_2139.jpg,glioma_tumor
IMAGE_2140.jpg,meningioma_tumor
IMAGE_2143.jpg,pituitary_tumor
IMAGE_2154.jpg,no_tumor
IMAGE_2158.jpg,meningioma_tumor
IMAGE_2159.jpg,no_tumor
IMAGE_2162.jpg,pituitary_tumor
IMAGE_2169.jpg,pituitary_tumor
IMAGE_2175.jpg,glioma_tumor
IMAGE_2177.jpg,pituitary_tumor
IMAGE_2180.jpg,no_tumor
IMAGE_2182.jpg,pituitary_tumor
IMAGE_2183.jpg,meningioma_tumor
IMAGE_2184.jpg,glioma_tumor
IMAGE_2188.jpg,pituitary_tumor
IMAGE_2193.jpg,glioma_tumor
IMAGE_2195.jpg,pituitary_tumor
IMAGE_2202.jpg,pituitary_tumor
IMAGE_2207.jpg,glioma_tumor
IMAGE_2210.jpg,meningioma_tumor
IMAGE_2216.jpg,pituitary_tumor
IMAGE_2219.jpg,meningioma_tumor
IMAGE_2220.jpg,glioma_tumor
IMAGE_2227.jpg,no_tumor
IMAGE_2229.jpg,pituitary_tumor
IMAGE_2231.jpg,glioma_tumor
IMAGE_2233.jpg,meningioma_tumor
IMAGE_2236.jpg,glioma_tumor
IMAGE_2237.jpg,meningioma_tumor
IMAGE_2239.jpg,no_tumor
IMAGE_2245.jpg,meningioma_tumor
IMAGE_2246.jpg,glioma_tumor
IMAGE_2250.jpg,pituitary_tumor
IMAGE_2251.jpg,meningioma_tumor
IMAGE_2255.jpg,meningioma_tumor
IMAGE_2257.jpg,glioma_tumor
IMAGE_2258.jpg,glioma_tumor
IMAGE_2263.jpg,meningioma_tumor
IMAGE_2264.jpg,glioma_tumor
IMAGE_2267.jpg,pituitary_tumor
IMAGE_2268.jpg,meningioma_tumor
IMAGE_2270.jpg,glioma_tumor
IMAGE_2272.jpg,meningioma_tumor
IMAGE_2273.jpg,meningioma_tumor
IMAGE_2279.jpg,no_tumor
IMAGE_2282.jpg,meningioma_tumor
IMAGE_2284.jpg,meningioma_tumor
IMAGE_2289.jpg,meningioma_tumor
IMAGE_2296.jpg,pituitary_tumor
IMAGE_2300.jpg,glioma_tumor
IMAGE_2301.jpg,glioma_tumor
IMAGE_2304.jpg,meningioma_tumor
IMAGE_2310.jpg,glioma_tumor
IMAGE_2316.jpg,pituitary_tumor
IMAGE_2320.jpg,no_tumor
IMAGE_2321.jpg,no_tumor
IMAGE_2325.jpg,no_tumor
IMAGE_2333.jpg,glioma_tumor
IMAGE_2338.jpg,glioma_tumor
IMAGE_2339.jpg,pituitary_tumor
IMAGE_2340.jpg,meningioma_tumor
IMAGE_2341.jpg,pituitary_tumor
IMAGE_2342.jpg,glioma_tumor
IMAGE_2343.jpg,glioma_tumor
IMAGE_2346.jpg,pituitary_tumor
IMAGE_2354.jpg,no_tumor
IMAGE_2357.jpg,pituitary_tumor
IMAGE_2360.jpg,glioma_tumor
IMAGE_2361.jpg,glioma_tumor
IMAGE_2364.jpg,meningioma_tumor
IMAGE_2366.jpg,no_tumor
IMAGE_2369.jpg,pituitary_tumor
IMAGE_2372.jpg,pituitary_tumor
IMAGE_2373.jpg,pituitary_tumor
IMAGE_2374.jpg,meningioma_tumor
IMAGE_2382.jpg,pituitary_tumor
IMAGE_2386.jpg,glioma_tumor
IMAGE_2387.jpg,glioma_tumor
IMAGE_2394.jpg,no_tumor
IMAGE_2399.jpg,glioma_tumor
IMAGE_2403.jpg,pituitary_tumor
IMAGE_2404.jpg,meningioma_tumor
IMAGE_2407.jpg,no_tumor
IMAGE_2409.jpg,meningioma_tumor
IMAGE_2412.jpg,meningioma_tumor
IMAGE_2413.jpg,glioma_tumor
IMAGE_2414.jpg,no_tumor
IMAGE_2415.jpg,pituitary_tumor
IMAGE_2421.jpg,pituitary_tumor
IMAGE_2425.jpg,no_tumor
IMAGE_2430.jpg,glioma_tumor
IMAGE_2432.jpg,no_tumor
IMAGE_2434.jpg,glioma_tumor
IMAGE_2436.jpg,glioma_tumor
IMAGE_2443.jpg,glioma_tumor
IMAGE_2445.jpg,no_tumor
IMAGE_2453.jpg,pituitary_tumor
IMAGE_2456.jpg,pituitary_tumor
IMAGE_2458.jpg,pituitary_tumor
IMAGE_2459.jpg,pituitary_tumor
IMAGE_2461.jpg,meningioma_tumor
IMAGE_2467.jpg,pituitary_tumor
IMAGE_2469.jpg,pituitary_tumor
IMAGE_2471.jpg,glioma_tumor
IMAGE_2481.jpg,meningioma_tumor
IMAGE_2484.jpg,glioma_tumor
IMAGE_2485.jpg,meningioma_tumor
IMAGE_2486.jpg,meningioma_tumor
IMAGE_2494.jpg,meningioma_tumor
IMAGE_2510.jpg,no_tumor
IMAGE_2511.jpg,no_tumor
IMAGE_2512.jpg,meningioma_tumor
IMAGE_2514.jpg,pituitary_tumor
IMAGE_2519.jpg,pituitary_tumor
IMAGE_2525.jpg,meningioma_tumor
IMAGE_2530.jpg,glioma_tumor
IMAGE_2533.jpg,pituitary_tumor
IMAGE_2538.jpg,no_tumor
IMAGE_2544.jpg,glioma_tumor
IMAGE_2549.jpg,glioma_tumor
IMAGE_2552.jpg,meningioma_tumor
IMAGE_2553.jpg,meningioma_tumor
IMAGE_2560.jpg,glioma_tumor
IMAGE_2564.jpg,meningioma_tumor
IMAGE_2567.jpg,glioma_tumor
IMAGE_2570.jpg,glioma_tumor
IMAGE_2574.jpg,meningioma_tumor
IMAGE_2575.jpg,meningioma_tumor
IMAGE_2578.jpg,glioma_tumor
IMAGE_2586.jpg,meningioma_tumor
IMAGE_2591.jpg,pituitary_tumor
IMAGE_2592.jpg,pituitary_tumor
IMAGE_2594.jpg,meningioma_tumor
IMAGE_2600.jpg,meningioma_tumor
IMAGE_2603.jpg,pituitary_tumor
IMAGE_2605.jpg,glioma_tumor
IMAGE_2611.jpg,meningioma_tumor
IMAGE_2613.jpg,pituitary_tumor
IMAGE_2617.jpg,pituitary_tumor
IMAGE_2620.jpg,meningioma_tumor
IMAGE_2622.jpg,meningioma_tumor
IMAGE_2626.jpg,glioma_tumor
IMAGE_2630.jpg,pituitary_tumor
IMAGE_2634.jpg,no_tumor
IMAGE_2636.jpg,pituitary_tumor
IMAGE_2638.jpg,glioma_tumor
IMAGE_2647.jpg,pituitary_tumor
IMAGE_2648.jpg,meningioma_tumor
IMAGE_2659.jpg,glioma_tumor
IMAGE_2663.jpg,pituitary_tumor
IMAGE_2665.jpg,pituitary_tumor
IMAGE_2667.jpg,glioma_tumor
IMAGE_2670.jpg,meningioma_tumor
IMAGE_2672.jpg,pituitary_tumor
IMAGE_2673.jpg,glioma_tumor
IMAGE_2674.jpg,meningioma_tumor
IMAGE_2675.jpg,glioma_tumor
IMAGE_2676.jpg,pituitary_tumor
IMAGE_2679.jpg,pituitary_tumor
IMAGE_2680.jpg,meningioma_tumor
IMAGE_2686.jpg,glioma_tumor
IMAGE_2690.jpg,glioma_tumor
IMAGE_2691.jpg,no_tumor
IMAGE_2692.jpg,pituitary_tumor
IMAGE_2693.jpg,glioma_tumor
IMAGE_2695.jpg,pituitary_tumor
IMAGE_2698.jpg,meningioma_tumor
IMAGE_2701.jpg,glioma_tumor
IMAGE_2702.jpg,meningioma_tumor
IMAGE_2704.jpg,pituitary_tumor
IMAGE_2707.jpg,meningioma_tumor
IMAGE_2711.jpg,pituitary_tumor
IMAGE_2713.jpg,meningioma_tumor
IMAGE_2714.jpg,no_tumor
IMAGE_2716.jpg,pituitary_tumor
IMAGE_2717.jpg,pituitary_tumor
IMAGE_2723.jpg,pituitary_tumor
IMAGE_2726.jpg,meningioma_tumor
IMAGE_2728.jpg,pituitary_tumor
IMAGE_2732.jpg,glioma_tumor
IMAGE_2734.jpg,meningioma_tumor
IMAGE_2749.jpg,meningioma_tumor
IMAGE_2754.jpg,pituitary_tumor
IMAGE_2755.jpg,glioma_tumor
IMAGE_2761.jpg,pituitary_tumor
IMAGE_2765.jpg,pituitary_tumor
IMAGE_2767.jpg,meningioma_tumor
IMAGE_2769.jpg,pituitary_tumor
IMAGE_2772.jpg,pituitary_tumor
IMAGE_2774.jpg,pituitary_tumor
IMAGE_2777.jpg,glioma_tumor
IMAGE_2780.jpg,meningioma_tumor
IMAGE_2781.jpg,meningioma_tumor
IMAGE_2782.jpg,glioma_tumor
IMAGE_2784.jpg,meningioma_tumor
IMAGE_2790.jpg,glioma_tumor
IMAGE_2793.jpg,meningioma_tumor
IMAGE_2797.jpg,no_tumor
IMAGE_2798.jpg,meningioma_tumor
IMAGE_2800.jpg,glioma_tumor
IMAGE_2802.jpg,meningioma_tumor
IMAGE_2805.jpg,pituitary_tumor
IMAGE_2806.jpg,no_tumor
IMAGE_2809.jpg,glioma_tumor
IMAGE_2811.jpg,meningioma_tumor
IMAGE_2818.jpg,pituitary_tumor
IMAGE_2839.jpg,glioma_tumor
IMAGE_2843.jpg,glioma_tumor
IMAGE_2844.jpg,meningioma_tumor
IMAGE_2845.jpg,meningioma_tumor
IMAGE_2857.jpg,glioma_tumor
IMAGE_2860.jpg,pituitary_tumor
IMAGE_2864.jpg,glioma_tumor
IMAGE_2868.jpg,no_tumor
IMAGE_2871.jpg,glioma_tumor
IMAGE_2873.jpg,no_tumor
IMAGE_2878.jpg,glioma_tumor
IMAGE_2886.jpg,no_tumor
IMAGE_2887.jpg,glioma_tumor
IMAGE_2889.jpg,no_tumor
IMAGE_2891.jpg,meningioma_tumor
IMAGE_2897.jpg,pituitary_tumor
IMAGE_2899.jpg,no_tumor
IMAGE_2900.jpg,meningioma_tumor
IMAGE_2901.jpg,meningioma_tumor
IMAGE_2902.jpg,pituitary_tumor
IMAGE_2903.jpg,pituitary_tumor
IMAGE_2904.jpg,glioma_tumor
IMAGE_2905.jpg,meningioma_tumor
IMAGE_2907.jpg,pituitary_tumor
IMAGE_2909.jpg,glioma_tumor
IMAGE_2910.jpg,meningioma_tumor
IMAGE_2911.jpg,meningioma_tumor
IMAGE_2915.jpg,pituitary_tumor
IMAGE_2916.jpg,no_tumor
IMAGE_2917.jpg,pituitary_tumor
IMAGE_2921.jpg,meningioma_tumor
IMAGE_2922.jpg,pituitary_tumor
IMAGE_2932.jpg,glioma_tumor
IMAGE_2935.jpg,no_tumor
IMAGE_2947.jpg,glioma_tumor
IMAGE_2949.jpg,no_tumor
IMAGE_2953.jpg,meningioma_tumor
IMAGE_2955.jpg,glioma_tumor
IMAGE_2957.jpg,meningioma_tumor
IMAGE_2959.jpg,glioma_tumor
IMAGE_2960.jpg,glioma_tumor
IMAGE_2962.jpg,no_tumor
IMAGE_2970.jpg,glioma_tumor
IMAGE_2972.jpg,meningioma_tumor
IMAGE_2974.jpg,pituitary_tumor
IMAGE_2980.jpg,pituitary_tumor
IMAGE_2981.jpg,pituitary_tumor
IMAGE_2983.jpg,no_tumor
IMAGE_2989.jpg,glioma_tumor
IMAGE_2990.jpg,meningioma_tumor
IMAGE_2991.jpg,pituitary_tumor
IMAGE_2992.jpg,pituitary_tumor
